metric	value
loss	0.36259493231773376
tp	0.0
fp	0.0
tn	769.0
fn	127.0
accuracy	0.8582589030265808
precision	0.0
recall	0.0
auc	0.8535730838775635
prc	0.4293070435523987
