	loss	tp	fp	tn	fn	accuracy	precision	recall	auc	prc	val_loss	val_tp	val_fp	val_tn	val_fn	val_accuracy	val_precision	val_recall	val_auc	val_prc
0	0.3813679814338684	52.0	84.0	1454.0	203.0	0.8399330973625183	0.38235294818878174	0.20392157137393951	0.7360807657241821	0.3014380931854248	0.2986290156841278	19.0	15.0	370.0	44.0	0.8683035969734192	0.5588235259056091	0.30158731341362	0.848835289478302	0.48821157217025757
