metric	value
loss	0.2903912663459778
tp	98.0
fp	46.0
tn	1878.0
fn	220.0
accuracy	0.8813559412956238
precision	0.6805555820465088
recall	0.30817610025405884
auc	0.8571609258651733
prc	0.5437279939651489
