metric	value
loss	0.2572595775127411
tp	71.0
fp	36.0
tn	734.0
fn	56.0
accuracy	0.8974359035491943
precision	0.663551390171051
recall	0.5590550899505615
auc	0.8986757397651672
prc	0.6428886651992798
