	loss	tp	fp	tn	fn	accuracy	precision	recall	auc	prc	val_loss	val_tp	val_fp	val_tn	val_fn	val_accuracy	val_precision	val_recall	val_auc	val_prc
0	0.38268738985061646	86.0	119.0	1419.0	169.0	0.839375376701355	0.41951218247413635	0.33725491166114807	0.8065822720527649	0.39971745014190674	0.41484755277633667	0.0	0.0	385.0	63.0	0.859375	0.0	0.0	0.7346526384353638	0.3670525848865509
