metric	value
loss	0.4166214168071747
tp	0.0
fp	0.0
tn	1924.0
fn	318.0
accuracy	0.8581623435020447
precision	0.0
recall	0.0
auc	0.7246646285057068
prc	0.39307308197021484
