metric	value
loss	1.1055843830108643
tp	109.0
fp	258.0
tn	512.0
fn	18.0
accuracy	0.692307710647583
precision	0.29700273275375366
recall	0.8582677245140076
auc	0.8568872213363647
prc	0.49869346618652344
