metric	value
loss	0.3481932282447815
tp	61.0
fp	61.0
tn	708.0
fn	67.0
accuracy	0.8573021292686462
precision	0.5
recall	0.4765625
auc	0.8522481918334961
prc	0.43493151664733887
