image_file_path	max_ratio	num_high_ratio_colors	proportion_high_deut_ratio_pixels	mean_deut_delta	euclidean_distance_metric
Images/00003/elife-00003-fig1-v1.jpg	43.160311761378765	63	0.01039308176100629	0.09083784996905243	12.206555615733702
Images/00005/elife-00005-fig1-v1.jpg	39.46444432291308	8	0.0047005208333333335	0.011314966864020878	19.01183914486364
Images/00007/elife-00007-fig1-v1.jpg	7.382419569903279	6	0.013606837606837606	0.027774824207179465	26.45362404707371
Images/00011/elife-00011-fig1-v1.jpg	65.6698441830078	130	0.0411812865497076	0.1015154807998453	4.123105625617661
Images/00012/elife-00012-fig1-v1.jpg	43.51411222017418	6	0.0013194444444444445	0.025548120737816645	3
