auroc	auprc	precision	recall	f1	accuracy	tp	tn	fp	fn
0.7329452975727124	0.1645089452650791	0.17391304347826086	0.5769230769230769	0.26726057906458794	0.7237615449202351	60	802	285	44