auroc	auprc	precision	recall	f1	accuracy	tp	tn	fp	fn
0.7329452975727124	0.9671594818929384	0.9479905437352246	0.7378104875804968	0.8297982410760476	0.7237615449202351	802	60	44	285