	loss	tp	fp	tn	fn	accuracy	precision	recall	auc	prc	val_loss	val_tp	val_fp	val_tn	val_fn	val_accuracy	val_precision	val_recall	val_auc	val_prc
0	0.5214146375656128	194.0	337.0	1201.0	61.0	0.7780256271362305	0.3653483986854553	0.7607843279838562	0.8371809124946594	0.4521840214729309	0.4725826680660248	0.0	0.0	385.0	63.0	0.859375	0.0	0.0	0.6821892261505127	0.3327499032020569
