metric	value
loss	0.25739067792892456
tp	78.0
fp	26.0
tn	743.0
fn	50.0
accuracy	0.915273129940033
precision	0.75
recall	0.609375
auc	0.8955928087234497
prc	0.7107123136520386
