metric	value
loss	0.285768985748291
tp	80.0
fp	63.0
tn	706.0
fn	48.0
accuracy	0.8762542009353638
precision	0.559440553188324
recall	0.625
auc	0.905173122882843
prc	0.6282891035079956
