metric	value
accuracy	0.8953356146812439
auc	0.8893919587135315
f1	0.6870748401432919
fn	49.0
fp	43.0
loss	0.4728744924068451
prc	0.7546060085296631
precision	0.7013888955116272
recall	0.6733333468437195
tn	686.0
tp	101.0
