	loss	tp	fp	tn	fn	accuracy	precision	recall	auc	prc	val_loss	val_tp	val_fp	val_tn	val_fn	val_accuracy	val_precision	val_recall	val_auc	val_prc
0	0.38864192366600037	77.0	105.0	1433.0	178.0	0.8421639800071716	0.42307692766189575	0.3019607961177826	0.7906078100204468	0.4022968113422394	0.4033817648887634	0.0	0.0	385.0	63.0	0.859375	0.0	0.0	0.7246959209442139	0.34748977422714233
