metric	value
loss	0.40607428550720215
tp	0.0
fp	0.0
tn	1924.0
fn	318.0
accuracy	0.8581623435020447
precision	0.0
recall	0.0
auc	0.6873520612716675
prc	0.3342926502227783
