	loss	tp	fp	tn	fn	accuracy	precision	recall	auc	prc	val_loss	val_tp	val_fp	val_tn	val_fn	val_accuracy	val_precision	val_recall	val_auc	val_prc
0	0.5029144883155823	64.0	143.0	1395.0	191.0	0.8137200474739075	0.30917873978614807	0.250980406999588	0.6639766693115234	0.23676767945289612	0.33710741996765137	16.0	11.0	374.0	47.0	0.8705357313156128	0.5925925970077515	0.2539682686328888	0.8050093054771423	0.45991596579551697
