metric	value
loss	0.3309488594532013
tp	77.0
fp	28.0
tn	1896.0
fn	241.0
accuracy	0.8800178170204163
precision	0.7333333492279053
recall	0.24213837087154388
auc	0.8082373738288879
prc	0.5298871397972107
