metric	value
accuracy	0.9017632007598877
auc	0.7796732187271118
f1	0.39378237415631856
fn	66.0
fp	51.0
loss	0.2794967591762543
prc	0.38988515734672546
precision	0.42696627974510193
recall	0.36538460850715637
tn	1036.0
tp	38.0
