metric	value
loss	0.6294315457344055
tp	69.0
fp	69.0
tn	700.0
fn	59.0
accuracy	0.8573021292686462
precision	0.5
recall	0.5390625
auc	0.815933883190155
prc	0.4611031711101532
