metric	value
loss	0.3116009533405304
tp	54.0
fp	42.0
tn	727.0
fn	74.0
accuracy	0.870680034160614
precision	0.5625
recall	0.421875
auc	0.8545188307762146
prc	0.5296667218208313
