	loss	tp	fp	tn	fn	accuracy	precision	recall	auc	prc	val_loss	val_tp	val_fp	val_tn	val_fn	val_accuracy	val_precision	val_recall	val_auc	val_prc
0	0.3386610746383667	63.0	61.0	1477.0	192.0	0.8588957190513611	0.5080645084381104	0.24705882370471954	0.802820086479187	0.40652090311050415	0.29149192571640015	24.0	15.0	370.0	39.0	0.8794642686843872	0.6153846383094788	0.380952388048172	0.8572871685028076	0.529037356376648
