metric	value
loss	0.27994412183761597
tp	111.0
fp	55.0
tn	1869.0
fn	207.0
accuracy	0.8831400275230408
precision	0.6686747074127197
recall	0.349056601524353
auc	0.8671783804893494
prc	0.5936092734336853
