metric	value
loss	0.25526854395866394
tp	72.0
fp	33.0
tn	737.0
fn	55.0
accuracy	0.9018952250480652
precision	0.6857143044471741
recall	0.5669291615486145
auc	0.8981542587280273
prc	0.6898491978645325
