	loss	tp	fp	tn	fn	accuracy	precision	recall	auc	prc	val_loss	val_tp	val_fp	val_tn	val_fn	val_accuracy	val_precision	val_recall	val_auc	val_prc
0	0.3936977684497833	79.0	113.0	1425.0	176.0	0.8388175964355469	0.4114583432674408	0.30980393290519714	0.7853158116340637	0.4064076542854309	0.4168235659599304	0.0	0.0	385.0	63.0	0.859375	0.0	0.0	0.8065347671508789	0.4084138572216034
