metric	value
loss	0.4184521436691284
tp	0.0
fp	0.0
tn	1924.0
fn	318.0
accuracy	0.8581623435020447
precision	0.0
recall	0.0
auc	0.8146647214889526
prc	0.4516662657260895
