metric	value
loss	0.42222458124160767
tp	0.0
fp	0.0
tn	770.0
fn	127.0
accuracy	0.8584169745445251
precision	0.0
recall	0.0
auc	0.8074394464492798
prc	0.49804866313934326
