	loss	tp	fp	tn	fn	accuracy	precision	recall	auc	prc	val_loss	val_tp	val_fp	val_tn	val_fn	val_accuracy	val_precision	val_recall	val_auc	val_prc
0	0.36371707916259766	81.0	79.0	1459.0	174.0	0.8588957190513611	0.5062500238418579	0.3176470696926117	0.8047426342964172	0.4218802750110626	0.42898377776145935	0.0	0.0	385.0	63.0	0.859375	0.0	0.0	0.7932385206222534	0.39924871921539307
