	loss	tp	fp	tn	fn	accuracy	precision	recall	auc	prc	val_loss	val_tp	val_fp	val_tn	val_fn	val_accuracy	val_precision	val_recall	val_auc	val_prc
0	0.4009552001953125	30.0	61.0	1477.0	225.0	0.8404908180236816	0.32967033982276917	0.11764705926179886	0.6777097582817078	0.26258742809295654	0.362138956785202	9.0	11.0	374.0	54.0	0.8549107313156128	0.44999998807907104	0.1428571492433548	0.7624201774597168	0.31962138414382935
