metric	value
loss	0.32705092430114746
tp	54.0
fp	28.0
tn	1896.0
fn	264.0
accuracy	0.8697591423988342
precision	0.6585366129875183
recall	0.16981132328510284
auc	0.8074601888656616
prc	0.4656521677970886
