metric	value
loss	0.49860286712646484
tp	104.0
fp	152.0
tn	617.0
fn	24.0
accuracy	0.8037903904914856
precision	0.40625
recall	0.8125
auc	0.8782560229301453
prc	0.5366750359535217
