	loss	tp	fp	tn	fn	accuracy	precision	recall	auc	prc	val_loss	val_tp	val_fp	val_tn	val_fn	val_accuracy	val_precision	val_recall	val_auc	val_prc
0	0.39589032530784607	83.0	104.0	1434.0	172.0	0.8460680246353149	0.4438502788543701	0.32549020648002625	0.7846311926841736	0.4022453725337982	0.4189870059490204	0.0	0.0	385.0	63.0	0.859375	0.0	0.0	0.24551638960838318	0.08795446157455444
