metric	value
loss	0.42427995800971985
tp	0.0
fp	0.0
tn	1924.0
fn	318.0
accuracy	0.8581623435020447
precision	0.0
recall	0.0
auc	0.1822812557220459
prc	0.08305862545967102
