metric	value
loss	0.4882870316505432
tp	11.0
fp	5.0
tn	764.0
fn	117.0
accuracy	0.8639910817146301
precision	0.6875
recall	0.0859375
auc	0.823822557926178
prc	0.5185260772705078
