metric	value
loss	0.6986695528030396
tp	77.0
fp	35.0
tn	734.0
fn	51.0
accuracy	0.9041248559951782
precision	0.6875
recall	0.6015625
auc	0.855103075504303
prc	0.6162256598472595
