metric	value
loss	0.44136351346969604
tp	105.0
fp	135.0
tn	634.0
fn	23.0
accuracy	0.823857307434082
precision	0.4375
recall	0.8203125
auc	0.8744869828224182
prc	0.5548518300056458
