	loss	tp	fp	tn	fn	accuracy	precision	recall	auc	prc	val_loss	val_tp	val_fp	val_tn	val_fn	val_accuracy	val_precision	val_recall	val_auc	val_prc
0	0.4026476740837097	87.0	100.0	1438.0	168.0	0.8505298495292664	0.46524062752723694	0.34117648005485535	0.7895383238792419	0.40536949038505554	0.42797693610191345	0.0	0.0	385.0	63.0	0.859375	0.0	0.0	0.8103071451187134	0.4040699899196625
